{"cameraMode":{"drawMode":0,"name":"Shaded","section":"Shading Mode"},"sceneLighting":true,"audioPlay":false,"sceneViewState":{"m_AlwaysRefresh":false,"showFog":true,"showSkybox":true,"showFlares":true,"showImageEffects":true,"showParticleSystems":true,"showVisualEffectGraphs":true,"m_FxEnabled":true},"in2DMode":false,"pivot":{"x":-0.3559999465942383,"y":5.400002479553223,"z":-11.059999465942383},"rotation":{"x":0.15557673573493958,"y":0.34433695673942568,"z":-0.05797401815652847,"w":0.9240485429763794},"size":9.853127479553223,"orthographic":false}